{
  "variants": {
    "facing=north,half=bottom,open=false": {
      "model": "fakeblocks:block/fake_andersite_trap_d_oor"
    },
    "facing=south,half=bottom,open=false": {
      "model": "fakeblocks:block/fake_andersite_trap_d_oor",
      "y": 180
    },
    "facing=east,half=bottom,open=false": {
      "model": "fakeblocks:block/fake_andersite_trap_d_oor",
      "y": 90
    },
    "facing=west,half=bottom,open=false": {
      "model": "fakeblocks:block/fake_andersite_trap_d_oor",
      "y": 270
    },
    "facing=north,half=top,open=false": {
      "model": "fakeblocks:block/fake_andersite_trap_d_oor_top"
    },
    "facing=south,half=top,open=false": {
      "model": "fakeblocks:block/fake_andersite_trap_d_oor_top",
      "y": 180
    },
    "facing=east,half=top,open=false": {
      "model": "fakeblocks:block/fake_andersite_trap_d_oor_top",
      "y": 90
    },
    "facing=west,half=top,open=false": {
      "model": "fakeblocks:block/fake_andersite_trap_d_oor_top",
      "y": 270
    },
    "facing=north,half=bottom,open=true": {
      "model": "fakeblocks:block/fake_andersite_trap_d_oor_open"
    },
    "facing=south,half=bottom,open=true": {
      "model": "fakeblocks:block/fake_andersite_trap_d_oor_open",
      "y": 180
    },
    "facing=east,half=bottom,open=true": {
      "model": "fakeblocks:block/fake_andersite_trap_d_oor_open",
      "y": 90
    },
    "facing=west,half=bottom,open=true": {
      "model": "fakeblocks:block/fake_andersite_trap_d_oor_open",
      "y": 270
    },
    "facing=north,half=top,open=true": {
      "model": "fakeblocks:block/fake_andersite_trap_d_oor_open",
      "x": 180,
      "y": 180
    },
    "facing=south,half=top,open=true": {
      "model": "fakeblocks:block/fake_andersite_trap_d_oor_open",
      "x": 180,
      "y": 0
    },
    "facing=east,half=top,open=true": {
      "model": "fakeblocks:block/fake_andersite_trap_d_oor_open",
      "x": 180,
      "y": 270
    },
    "facing=west,half=top,open=true": {
      "model": "fakeblocks:block/fake_andersite_trap_d_oor_open",
      "x": 180,
      "y": 90
    }
  }
}